"Anti-miARNs","Recuento_Celular","Replicas ","Tiempo","Concentracion","Fluorescencia","","","","","","","","","","","","","",""
"1","1","1","1","20","2165","","","","","","","","","","","","","",""
"1","1","2","1","20","2842","","","","","","","","","","","","","",""
"1","1","3","1","20","2112","","","","","","","","","","","","","",""
"1","1","4","1","20","2643","","","","","","","","","","","","","",""
"1","1","5","1","20","2285","","","","","","","","","","","","","",""
"1","1","6","1","20","2356","","","","","","","","","","","","","",""
"1","1","7","1","20","2377","","","","","","","","","","","","","",""
"1","1","8","1","20","3562","","","","","","","","","","","","","",""
"1","1","1","2","20","2205","","","","","","","","","","","","","",""
"1","1","2","2","20","2835","","","","","","","","","","","","","",""
"1","1","3","2","20","2163","","","","","","","","","","","","","",""
"1","1","4","2","20","2667","","","","","","","","","","","","","",""
"1","1","5","2","20","2477","","","","","","","","","","","","","",""
"1","1","6","2","20","2602","","","","","","","","","","","","","",""
"1","1","7","2","20","2581","","","","","","","","","","","","","",""
"1","1","8","2","20","3688","","","","","","","","","","","","","",""
"1","1","1","3","20","2445","","","","","","","","","","","","","",""
"1","1","2","3","20","3228","","","","","","","","","","","","","",""
"1","1","3","3","20","2400","","","","","","","","","","","","","",""
"1","1","4","3","20","2899","","","","","","","","","","","","","",""
"1","1","5","3","20","2946","","","","","","","","","","","","","",""
"1","1","6","3","20","3059","","","","","","","","","","","","","",""
"1","1","7","3","20","3059","","","","","","","","","","","","","",""
"1","1","8","3","20","4290","","","","","","","","","","","","","",""
"1","1","1","4","20","2774","","","","","","","","","","","","","",""
"1","1","2","4","20","3589","","","","","","","","","","","","","",""
"1","1","3","4","20","2695","","","","","","","","","","","","","",""
"1","1","4","4","20","3296","","","","","","","","","","","","","",""
"1","1","5","4","20","3450","","","","","","","","","","","","","",""
"1","1","6","4","20","3522","","","","","","","","","","","","","",""
"1","1","7","4","20","3537","","","","","","","","","","","","","",""
"1","1","8","4","20","4950","","","","","","","","","","","","","",""
"1","1","1","5","20","3111","","","","","","","","","","","","","",""
"1","1","2","5","20","4038","","","","","","","","","","","","","",""
"1","1","3","5","20","2994","","","","","","","","","","","","","",""
"1","1","4","5","20","3575","","","","","","","","","","","","","",""
"1","1","5","5","20","3769","","","","","","","","","","","","","",""
"1","1","6","5","20","3939","","","","","","","","","","","","","",""
"1","1","7","5","20","3863","","","","","","","","","","","","","",""
"1","1","8","5","20","5367","","","","","","","","","","","","","",""
"1","1","1","6","20","3516","","","","","","","","","","","","","",""
"1","1","2","6","20","4411","","","","","","","","","","","","","",""
"1","1","3","6","20","3242","","","","","","","","","","","","","",""
"1","1","4","6","20","3810","","","","","","","","","","","","","",""
"1","1","5","6","20","4001","","","","","","","","","","","","","",""
"1","1","6","6","20","4219","","","","","","","","","","","","","",""
"1","1","7","6","20","4110","","","","","","","","","","","","","",""
"1","1","8","6","20","5424","","","","","","","","","","","","","",""
"1","1","1","7","20","3917","","","","","","","","","","","","","",""
"1","1","2","7","20","4877","","","","","","","","","","","","","",""
"1","1","3","7","20","3434","","","","","","","","","","","","","",""
"1","1","4","7","20","4201","","","","","","","","","","","","","",""
"1","1","5","7","20","4330","","","","","","","","","","","","","",""
"1","1","6","7","20","4790","","","","","","","","","","","","","",""
"1","1","7","7","20","4532","","","","","","","","","","","","","",""
"1","1","8","7","20","6030","","","","","","","","","","","","","",""
"1","0","1","1","20","517","","","","","","","","","","","","","",""
"1","0","2","1","20","6","","","","","","","","","","","","","",""
"1","0","3","1","20","21","","","","","","","","","","","","","",""
"1","0","4","1","20","4","","","","","","","","","","","","","",""
"1","0","5","1","20","11","","","","","","","","","","","","","",""
"1","0","6","1","20","15","","","","","","","","","","","","","",""
"1","0","7","1","20","4","","","","","","","","","","","","","",""
"1","0","8","1","20","2","","","","","","","","","","","","","",""
"1","0","1","2","20","64","","","","","","","","","","","","","",""
"1","0","2","2","20","69","","","","","","","","","","","","","",""
"1","0","3","2","20","73","","","","","","","","","","","","","",""
"1","0","4","2","20","84","","","","","","","","","","","","","",""
"1","0","5","2","20","75","","","","","","","","","","","","","",""
"1","0","6","2","20","72","","","","","","","","","","","","","",""
"1","0","7","2","20","55","","","","","","","","","","","","","",""
"1","0","8","2","20","72","","","","","","","","","","","","","",""
"1","0","1","3","20","352","","","","","","","","","","","","","",""
"1","0","2","3","20","417","","","","","","","","","","","","","",""
"1","0","3","3","20","346","","","","","","","","","","","","","",""
"1","0","4","3","20","412","","","","","","","","","","","","","",""
"1","0","5","3","20","321","","","","","","","","","","","","","",""
"1","0","6","3","20","283","","","","","","","","","","","","","",""
"1","0","7","3","20","314","","","","","","","","","","","","","",""
"1","0","8","3","20","341","","","","","","","","","","","","","",""
"1","0","1","4","20","787","","","","","","","","","","","","","",""
"1","0","2","4","20","888","","","","","","","","","","","","","",""
"1","0","3","4","20","831","","","","","","","","","","","","","",""
"1","0","4","4","20","1043","","","","","","","","","","","","","",""
"1","0","5","4","20","786","","","","","","","","","","","","","",""
"1","0","6","4","20","746","","","","","","","","","","","","","",""
"1","0","7","4","20","765","","","","","","","","","","","","","",""
"1","0","8","4","20","864","","","","","","","","","","","","","",""
"1","0","1","5","20","1284","","","","","","","","","","","","","",""
"1","0","2","5","20","1597","","","","","","","","","","","","","",""
"1","0","3","5","20","1366","","","","","","","","","","","","","",""
"1","0","4","5","20","1730","","","","","","","","","","","","","",""
"1","0","5","5","20","1214","","","","","","","","","","","","","",""
"1","0","6","5","20","1176","","","","","","","","","","","","","",""
"1","0","7","5","20","1211","","","","","","","","","","","","","",""
"1","0","8","5","20","1410","","","","","","","","","","","","","",""
"1","0","1","6","20","1688","","","","","","","","","","","","","",""
"1","0","2","6","20","2197","","","","","","","","","","","","","",""
"1","0","3","6","20","1784","","","","","","","","","","","","","",""
"1","0","4","6","20","2229","","","","","","","","","","","","","",""
"1","0","5","6","20","1573","","","","","","","","","","","","","",""
"1","0","6","6","20","1552","","","","","","","","","","","","","",""
"1","0","7","6","20","1563","","","","","","","","","","","","","",""
"1","0","8","6","20","2003","","","","","","","","","","","","","",""
"1","0","1","7","20","2011","","","","","","","","","","","","","",""
"1","0","2","7","20","2668","","","","","","","","","","","","","",""
"1","0","3","7","20","2084","","","","","","","","","","","","","",""
"1","0","4","7","20","2653","","","","","","","","","","","","","",""
"1","0","5","7","20","1845","","","","","","","","","","","","","",""
"1","0","6","7","20","1830","","","","","","","","","","","","","",""
"1","0","7","7","20","1840","","","","","","","","","","","","","",""
"1","0","8","7","20","2372","","","","","","","","","","","","","",""
"0","1","1","1","20","3737","","","","","","","","","","","","","",""
"0","1","2","1","20","4223","","","","","","","","","","","","","",""
"0","1","3","1","20","2820","","","","","","","","","","","","","",""
"0","1","4","1","20","4939","","","","","","","","","","","","","",""
"0","1","5","1","20","1841","","","","","","","","","","","","","",""
"0","1","6","1","20","3817","","","","","","","","","","","","","",""
"0","1","7","1","20","1930","","","","","","","","","","","","","",""
"0","1","8","1","20","4286","","","","","","","","","","","","","",""
"0","1","1","2","20","3877","","","","","","","","","","","","","",""
"0","1","2","2","20","4247","","","","","","","","","","","","","",""
"0","1","3","2","20","3106","","","","","","","","","","","","","",""
"0","1","4","2","20","4866","","","","","","","","","","","","","",""
"0","1","5","2","20","2781","","","","","","","","","","","","","",""
"0","1","6","2","20","4060","","","","","","","","","","","","","",""
"0","1","7","2","20","2303","","","","","","","","","","","","","",""
"0","1","8","2","20","4282","","","","","","","","","","","","","",""
"0","1","1","3","20","4417","","","","","","","","","","","","","",""
"0","1","2","3","20","4811","","","","","","","","","","","","","",""
"0","1","3","3","20","3581","","","","","","","","","","","","","",""
"0","1","4","3","20","5489","","","","","","","","","","","","","",""
"0","1","5","3","20","3298","","","","","","","","","","","","","",""
"0","1","6","3","20","4782","","","","","","","","","","","","","",""
"0","1","7","3","20","2764","","","","","","","","","","","","","",""
"0","1","8","3","20","5032","","","","","","","","","","","","","",""
"0","1","1","4","20","5055","","","","","","","","","","","","","",""
"0","1","2","4","20","5338","","","","","","","","","","","","","",""
"0","1","3","4","20","4085","","","","","","","","","","","","","",""
"0","1","4","4","20","6113","","","","","","","","","","","","","",""
"0","1","5","4","20","3812","","","","","","","","","","","","","",""
"0","1","6","4","20","5491","","","","","","","","","","","","","",""
"0","1","7","4","20","3221","","","","","","","","","","","","","",""
"0","1","8","4","20","5527","","","","","","","","","","","","","",""
"0","1","1","5","20","5534","","","","","","","","","","","","","",""
"0","1","2","5","20","5795","","","","","","","","","","","","","",""
"0","1","3","5","20","4633","","","","","","","","","","","","","",""
"0","1","4","5","20","6320","","","","","","","","","","","","","",""
"0","1","5","5","20","4269","","","","","","","","","","","","","",""
"0","1","6","5","20","5825","","","","","","","","","","","","","",""
"0","1","7","5","20","3569","","","","","","","","","","","","","",""
"0","1","8","5","20","6007","","","","","","","","","","","","","",""
"0","1","1","6","20","5464","","","","","","","","","","","","","",""
"0","1","2","6","20","5687","","","","","","","","","","","","","",""
"0","1","3","6","20","4586","","","","","","","","","","","","","",""
"0","1","4","6","20","6258","","","","","","","","","","","","","",""
"0","1","5","6","20","4276","","","","","","","","","","","","","",""
"0","1","6","6","20","5718","","","","","","","","","","","","","",""
"0","1","7","6","20","3658","","","","","","","","","","","","","",""
"0","1","8","6","20","5696","","","","","","","","","","","","","",""
"0","1","1","7","20","6193","","","","","","","","","","","","","",""
"0","1","2","7","20","6356","","","","","","","","","","","","","",""
"0","1","3","7","20","5172","","","","","","","","","","","","","",""
"0","1","4","7","20","6883","","","","","","","","","","","","","",""
"0","1","5","7","20","4955","","","","","","","","","","","","","",""
"0","1","6","7","20","6590","","","","","","","","","","","","","",""
"0","1","7","7","20","4199","","","","","","","","","","","","","",""
"0","1","8","7","20","6686","","","","","","","","","","","","","",""
"0","0","1","1","20","9","","","","","","","","","","","","","",""
"0","0","2","1","20","21","","","","","","","","","","","","","",""
"0","0","3","1","20","6","","","","","","","","","","","","","",""
"0","0","4","1","20","45","","","","","","","","","","","","","",""
"0","0","5","1","20","10","","","","","","","","","","","","","",""
"0","0","6","1","20","13","","","","","","","","","","","","","",""
"0","0","7","1","20","10","","","","","","","","","","","","","",""
"0","0","8","1","20","20","","","","","","","","","","","","","",""
"0","0","1","2","20","17","","","","","","","","","","","","","",""
"0","0","2","2","20","42","","","","","","","","","","","","","",""
"0","0","3","2","20","18","","","","","","","","","","","","","",""
"0","0","4","2","20","63","","","","","","","","","","","","","",""
"0","0","5","2","20","21","","","","","","","","","","","","","",""
"0","0","6","2","20","36","","","","","","","","","","","","","",""
"0","0","7","2","20","34","","","","","","","","","","","","","",""
"0","0","8","2","20","47","","","","","","","","","","","","","",""
"0","0","1","3","20","136","","","","","","","","","","","","","",""
"0","0","2","3","20","121","","","","","","","","","","","","","",""
"0","0","3","3","20","180","","","","","","","","","","","","","",""
"0","0","4","3","20","181","","","","","","","","","","","","","",""
"0","0","5","3","20","87","","","","","","","","","","","","","",""
"0","0","6","3","20","128","","","","","","","","","","","","","",""
"0","0","7","3","20","147","","","","","","","","","","","","","",""
"0","0","8","3","20","158","","","","","","","","","","","","","",""
"0","0","1","4","20","387","","","","","","","","","","","","","",""
"0","0","2","4","20","388","","","","","","","","","","","","","",""
"0","0","3","4","20","538","","","","","","","","","","","","","",""
"0","0","4","4","20","393","","","","","","","","","","","","","",""
"0","0","5","4","20","307","","","","","","","","","","","","","",""
"0","0","6","4","20","349","","","","","","","","","","","","","",""
"0","0","7","4","20","372","","","","","","","","","","","","","",""
"0","0","8","4","20","360","","","","","","","","","","","","","",""
"0","0","1","5","20","804","","","","","","","","","","","","","",""
"0","0","2","5","20","782","","","","","","","","","","","","","",""
"0","0","3","5","20","1006","","","","","","","","","","","","","",""
"0","0","4","5","20","813","","","","","","","","","","","","","",""
"0","0","5","5","20","708","","","","","","","","","","","","","",""
"0","0","6","5","20","651","","","","","","","","","","","","","",""
"0","0","7","5","20","735","","","","","","","","","","","","","",""
"0","0","8","5","20","708","","","","","","","","","","","","","",""
"0","0","1","6","20","1241","","","","","","","","","","","","","",""
"0","0","2","6","20","1172","","","","","","","","","","","","","",""
"0","0","3","6","20","1391","","","","","","","","","","","","","",""
"0","0","4","6","20","1169","","","","","","","","","","","","","",""
"0","0","5","6","20","1007","","","","","","","","","","","","","",""
"0","0","6","6","20","982","","","","","","","","","","","","","",""
"0","0","7","6","20","1017","","","","","","","","","","","","","",""
"0","0","8","6","20","987","","","","","","","","","","","","","",""
"0","0","1","7","20","1600","","","","","","","","","","","","","",""
"0","0","2","7","20","1591","","","","","","","","","","","","","",""
"0","0","3","7","20","1670","","","","","","","","","","","","","",""
"0","0","4","7","20","1721","","","","","","","","","","","","","",""
"0","0","5","7","20","1261","","","","","","","","","","","","","",""
"0","0","6","7","20","1370","","","","","","","","","","","","","",""
"0","0","7","7","20","1290","","","","","","","","","","","","","",""
"0","0","8","7","20","1322","","","","","","","","","","","","","",""
"1","1","1","1","10","3299","","","","","","","","","","","","","",""
"1","1","2","1","10","2115","","","","","","","","","","","","","",""
"1","1","3","1","10","4180","","","","","","","","","","","","","",""
"1","1","4","1","10","4121","","","","","","","","","","","","","",""
"1","1","5","1","10","2042","","","","","","","","","","","","","",""
"1","1","6","1","10","3473","","","","","","","","","","","","","",""
"1","1","7","1","10","1838","","","","","","","","","","","","","",""
"1","1","8","1","10","4153","","","","","","","","","","","","","",""
"1","1","1","2","10","3437","","","","","","","","","","","","","",""
"1","1","2","2","10","2317","","","","","","","","","","","","","",""
"1","1","3","2","10","4358","","","","","","","","","","","","","",""
"1","1","4","2","10","4249","","","","","","","","","","","","","",""
"1","1","5","2","10","2329","","","","","","","","","","","","","",""
"1","1","6","2","10","3813","","","","","","","","","","","","","",""
"1","1","7","2","10","2095","","","","","","","","","","","","","",""
"1","1","8","2","10","4403","","","","","","","","","","","","","",""
"1","1","1","3","10","4285","","","","","","","","","","","","","",""
"1","1","2","3","10","2853","","","","","","","","","","","","","",""
"1","1","3","3","10","5469","","","","","","","","","","","","","",""
"1","1","4","3","10","5165","","","","","","","","","","","","","",""
"1","1","5","3","10","2827","","","","","","","","","","","","","",""
"1","1","6","3","10","4492","","","","","","","","","","","","","",""
"1","1","7","3","10","2570","","","","","","","","","","","","","",""
"1","1","8","3","10","5111","","","","","","","","","","","","","",""
"1","1","1","4","10","4732","","","","","","","","","","","","","",""
"1","1","2","4","10","3195","","","","","","","","","","","","","",""
"1","1","3","4","10","5909","","","","","","","","","","","","","",""
"1","1","4","4","10","5561","","","","","","","","","","","","","",""
"1","1","5","4","10","3308","","","","","","","","","","","","","",""
"1","1","6","4","10","5159","","","","","","","","","","","","","",""
"1","1","7","4","10","2905","","","","","","","","","","","","","",""
"1","1","8","4","10","5671","","","","","","","","","","","","","",""
"1","1","1","5","10","5205","","","","","","","","","","","","","",""
"1","1","2","5","10","3498","","","","","","","","","","","","","",""
"1","1","3","5","10","6450","","","","","","","","","","","","","",""
"1","1","4","5","10","5914","","","","","","","","","","","","","",""
"1","1","5","5","10","3621","","","","","","","","","","","","","",""
"1","1","6","5","10","5754","","","","","","","","","","","","","",""
"1","1","7","5","10","3292","","","","","","","","","","","","","",""
"1","1","8","5","10","6196","","","","","","","","","","","","","",""
"1","1","1","6","10","5709","","","","","","","","","","","","","",""
"1","1","2","6","10","3868","","","","","","","","","","","","","",""
"1","1","3","6","10","6717","","","","","","","","","","","","","",""
"1","1","4","6","10","6345","","","","","","","","","","","","","",""
"1","1","5","6","10","3951","","","","","","","","","","","","","",""
"1","1","6","6","10","5958","","","","","","","","","","","","","",""
"1","1","7","6","10","3481","","","","","","","","","","","","","",""
"1","1","8","6","10","6271","","","","","","","","","","","","","",""
"1","1","1","7","10","6228","","","","","","","","","","","","","",""
"1","1","2","7","10","4388","","","","","","","","","","","","","",""
"1","1","3","7","10","7409","","","","","","","","","","","","","",""
"1","1","4","7","10","6739","","","","","","","","","","","","","",""
"1","1","5","7","10","4462","","","","","","","","","","","","","",""
"1","1","6","7","10","6504","","","","","","","","","","","","","",""
"1","1","7","7","10","3865","","","","","","","","","","","","","",""
"1","1","8","7","10","6787","","","","","","","","","","","","","",""
"1","0","1","1","10","13","","","","","","","","","","","","","",""
"1","0","2","1","10","16","","","","","","","","","","","","","",""
"1","0","3","1","10","6","","","","","","","","","","","","","",""
"1","0","4","1","10","22","","","","","","","","","","","","","",""
"1","0","5","1","10","11","","","","","","","","","","","","","",""
"1","0","6","1","10","25","","","","","","","","","","","","","",""
"1","0","7","1","10","194","","","","","","","","","","","","","",""
"1","0","8","1","10","50","","","","","","","","","","","","","",""
"1","0","1","2","10","21","","","","","","","","","","","","","",""
"1","0","2","2","10","44","","","","","","","","","","","","","",""
"1","0","3","2","10","30","","","","","","","","","","","","","",""
"1","0","4","2","10","65","","","","","","","","","","","","","",""
"1","0","5","2","10","32","","","","","","","","","","","","","",""
"1","0","6","2","10","75","","","","","","","","","","","","","",""
"1","0","7","2","10","291","","","","","","","","","","","","","",""
"1","0","8","2","10","265","","","","","","","","","","","","","",""
"1","0","1","3","10","179","","","","","","","","","","","","","",""
"1","0","2","3","10","214","","","","","","","","","","","","","",""
"1","0","3","3","10","161","","","","","","","","","","","","","",""
"1","0","4","3","10","206","","","","","","","","","","","","","",""
"1","0","5","3","10","235","","","","","","","","","","","","","",""
"1","0","6","3","10","333","","","","","","","","","","","","","",""
"1","0","7","3","10","404","","","","","","","","","","","","","",""
"1","0","8","3","10","488","","","","","","","","","","","","","",""
"1","0","1","4","10","496","","","","","","","","","","","","","",""
"1","0","2","4","10","584","","","","","","","","","","","","","",""
"1","0","3","4","10","393","","","","","","","","","","","","","",""
"1","0","4","4","10","526","","","","","","","","","","","","","",""
"1","0","5","4","10","661","","","","","","","","","","","","","",""
"1","0","6","4","10","1059","","","","","","","","","","","","","",""
"1","0","7","4","10","846","","","","","","","","","","","","","",""
"1","0","8","4","10","981","","","","","","","","","","","","","",""
"1","0","1","5","10","932","","","","","","","","","","","","","",""
"1","0","2","5","10","988","","","","","","","","","","","","","",""
"1","0","3","5","10","721","","","","","","","","","","","","","",""
"1","0","4","5","10","930","","","","","","","","","","","","","",""
"1","0","5","5","10","1091","","","","","","","","","","","","","",""
"1","0","6","5","10","1785","","","","","","","","","","","","","",""
"1","0","7","5","10","1246","","","","","","","","","","","","","",""
"1","0","8","5","10","1689","","","","","","","","","","","","","",""
"1","0","1","6","10","1295","","","","","","","","","","","","","",""
"1","0","2","6","10","1252","","","","","","","","","","","","","",""
"1","0","3","6","10","1034","","","","","","","","","","","","","",""
"1","0","4","6","10","1393","","","","","","","","","","","","","",""
"1","0","5","6","10","1591","","","","","","","","","","","","","",""
"1","0","6","6","10","2286","","","","","","","","","","","","","",""
"1","0","7","6","10","1655","","","","","","","","","","","","","",""
"1","0","8","6","10","2192","","","","","","","","","","","","","",""
"1","0","1","7","10","1673","","","","","","","","","","","","","",""
"1","0","2","7","10","1579","","","","","","","","","","","","","",""
"1","0","3","7","10","1449","","","","","","","","","","","","","",""
"1","0","4","7","10","1838","","","","","","","","","","","","","",""
"1","0","5","7","10","1977","","","","","","","","","","","","","",""
"1","0","6","7","10","2965","","","","","","","","","","","","","",""
"1","0","7","7","10","2076","","","","","","","","","","","","","",""
"1","0","8","7","10","2714","","","","","","","","","","","","","",""
"0","1","1","1","10","3277","","","","","","","","","","","","","",""
"0","1","2","1","10","3295","","","","","","","","","","","","","",""
"0","1","3","1","10","2885","","","","","","","","","","","","","",""
"0","1","4","1","10","4387","","","","","","","","","","","","","",""
"0","1","5","1","10","2055","","","","","","","","","","","","","",""
"0","1","6","1","10","4090","","","","","","","","","","","","","",""
"0","1","7","1","10","2095","","","","","","","","","","","","","",""
"0","1","8","1","10","4036","","","","","","","","","","","","","",""
"0","1","1","2","10","3931","","","","","","","","","","","","","",""
"0","1","2","2","10","3604","","","","","","","","","","","","","",""
"0","1","3","2","10","3225","","","","","","","","","","","","","",""
"0","1","4","2","10","4585","","","","","","","","","","","","","",""
"0","1","5","2","10","2386","","","","","","","","","","","","","",""
"0","1","6","2","10","4155","","","","","","","","","","","","","",""
"0","1","7","2","10","2352","","","","","","","","","","","","","",""
"0","1","8","2","10","4157","","","","","","","","","","","","","",""
"0","1","1","3","10","4715","","","","","","","","","","","","","",""
"0","1","2","3","10","4223","","","","","","","","","","","","","",""
"0","1","3","3","10","3850","","","","","","","","","","","","","",""
"0","1","4","3","10","5327","","","","","","","","","","","","","",""
"0","1","5","3","10","2920","","","","","","","","","","","","","",""
"0","1","6","3","10","5040","","","","","","","","","","","","","",""
"0","1","7","3","10","2904","","","","","","","","","","","","","",""
"0","1","8","3","10","4971","","","","","","","","","","","","","",""
"0","1","1","4","10","5166","","","","","","","","","","","","","",""
"0","1","2","4","10","4846","","","","","","","","","","","","","",""
"0","1","3","4","10","4424","","","","","","","","","","","","","",""
"0","1","4","4","10","5757","","","","","","","","","","","","","",""
"0","1","5","4","10","3527","","","","","","","","","","","","","",""
"0","1","6","4","10","5762","","","","","","","","","","","","","",""
"0","1","7","4","10","3390","","","","","","","","","","","","","",""
"0","1","8","4","10","5659","","","","","","","","","","","","","",""
"0","1","1","5","10","5743","","","","","","","","","","","","","",""
"0","1","2","5","10","5500","","","","","","","","","","","","","",""
"0","1","3","5","10","4769","","","","","","","","","","","","","",""
"0","1","4","5","10","6325","","","","","","","","","","","","","",""
"0","1","5","5","10","3940","","","","","","","","","","","","","",""
"0","1","6","5","10","6127","","","","","","","","","","","","","",""
"0","1","7","5","10","3875","","","","","","","","","","","","","",""
"0","1","8","5","10","6184","","","","","","","","","","","","","",""
"0","1","1","6","10","5977","","","","","","","","","","","","","",""
"0","1","2","6","10","5712","","","","","","","","","","","","","",""
"0","1","3","6","10","5255","","","","","","","","","","","","","",""
"0","1","4","6","10","6342","","","","","","","","","","","","","",""
"0","1","5","6","10","4573","","","","","","","","","","","","","",""
"0","1","6","6","10","6886","","","","","","","","","","","","","",""
"0","1","7","6","10","4458","","","","","","","","","","","","","",""
"0","1","8","6","10","6708","","","","","","","","","","","","","",""
"0","1","1","7","10","6775","","","","","","","","","","","","","",""
"0","1","2","7","10","6449","","","","","","","","","","","","","",""
"0","1","3","7","10","5979","","","","","","","","","","","","","",""
"0","1","4","7","10","6944","","","","","","","","","","","","","",""
"0","1","5","7","10","4891","","","","","","","","","","","","","",""
"0","1","6","7","10","7124","","","","","","","","","","","","","",""
"0","1","7","7","10","4815","","","","","","","","","","","","","",""
"0","1","8","7","10","6893","","","","","","","","","","","","","",""
"0","0","1","1","10","10","","","","","","","","","","","","","",""
"0","0","2","1","10","11","","","","","","","","","","","","","",""
"0","0","3","1","10","2","","","","","","","","","","","","","",""
"0","0","4","1","10","18","","","","","","","","","","","","","",""
"0","0","5","1","10","12","","","","","","","","","","","","","",""
"0","0","6","1","10","9","","","","","","","","","","","","","",""
"0","0","7","1","10","8","","","","","","","","","","","","","",""
"0","0","8","1","10","21","","","","","","","","","","","","","",""
"0","0","1","2","10","23","","","","","","","","","","","","","",""
"0","0","2","2","10","19","","","","","","","","","","","","","",""
"0","0","3","2","10","8","","","","","","","","","","","","","",""
"0","0","4","2","10","28","","","","","","","","","","","","","",""
"0","0","5","2","10","86","","","","","","","","","","","","","",""
"0","0","6","2","10","166","","","","","","","","","","","","","",""
"0","0","7","2","10","12","","","","","","","","","","","","","",""
"0","0","8","2","10","22","","","","","","","","","","","","","",""
"0","0","1","3","10","91","","","","","","","","","","","","","",""
"0","0","2","3","10","91","","","","","","","","","","","","","",""
"0","0","3","3","10","109","","","","","","","","","","","","","",""
"0","0","4","3","10","126","","","","","","","","","","","","","",""
"0","0","5","3","10","47","","","","","","","","","","","","","",""
"0","0","6","3","10","78","","","","","","","","","","","","","",""
"0","0","7","3","10","106","","","","","","","","","","","","","",""
"0","0","8","3","10","98","","","","","","","","","","","","","",""
"0","0","1","4","10","236","","","","","","","","","","","","","",""
"0","0","2","4","10","327","","","","","","","","","","","","","",""
"0","0","3","4","10","371","","","","","","","","","","","","","",""
"0","0","4","4","10","327","","","","","","","","","","","","","",""
"0","0","5","4","10","194","","","","","","","","","","","","","",""
"0","0","6","4","10","243","","","","","","","","","","","","","",""
"0","0","7","4","10","319","","","","","","","","","","","","","",""
"0","0","8","4","10","282","","","","","","","","","","","","","",""
"0","0","1","5","10","561","","","","","","","","","","","","","",""
"0","0","2","5","10","661","","","","","","","","","","","","","",""
"0","0","3","5","10","770","","","","","","","","","","","","","",""
"0","0","4","5","10","726","","","","","","","","","","","","","",""
"0","0","5","5","10","373","","","","","","","","","","","","","",""
"0","0","6","5","10","453","","","","","","","","","","","","","",""
"0","0","7","5","10","632","","","","","","","","","","","","","",""
"0","0","8","5","10","629","","","","","","","","","","","","","",""
"0","0","1","6","10","882","","","","","","","","","","","","","",""
"0","0","2","6","10","974","","","","","","","","","","","","","",""
"0","0","3","6","10","1093","","","","","","","","","","","","","",""
"0","0","4","6","10","1085","","","","","","","","","","","","","",""
"0","0","5","6","10","645","","","","","","","","","","","","","",""
"0","0","6","6","10","829","","","","","","","","","","","","","",""
"0","0","7","6","10","935","","","","","","","","","","","","","",""
"0","0","8","6","10","917","","","","","","","","","","","","","",""
"0","0","1","7","10","1307","","","","","","","","","","","","","",""
"0","0","2","7","10","1325","","","","","","","","","","","","","",""
"0","0","3","7","10","1444","","","","","","","","","","","","","",""
"0","0","4","7","10","1537","","","","","","","","","","","","","",""
"0","0","5","7","10","865","","","","","","","","","","","","","",""
"0","0","6","7","10","1196","","","","","","","","","","","","","",""
"0","0","7","7","10","1140","","","","","","","","","","","","","",""
"0","0","8","7","10","1284","","","","","","","","","","","","","",""
"1","1","1","1","5","3497","","","","","","","","","","","","","",""
"1","1","2","1","5","3507","","","","","","","","","","","","","",""
"1","1","3","1","5","2698","","","","","","","","","","","","","",""
"1","1","4","1","5","4501","","","","","","","","","","","","","",""
"1","1","5","1","5","2383","","","","","","","","","","","","","",""
"1","1","6","1","5","3793","","","","","","","","","","","","","",""
"1","1","7","1","5","1904","","","","","","","","","","","","","",""
"1","1","8","1","5","3897","","","","","","","","","","","","","",""
"1","1","1","2","5","3619","","","","","","","","","","","","","",""
"1","1","2","2","5","3660","","","","","","","","","","","","","",""
"1","1","3","2","5","2999","","","","","","","","","","","","","",""
"1","1","4","2","5","4629","","","","","","","","","","","","","",""
"1","1","5","2","5","2729","","","","","","","","","","","","","",""
"1","1","6","2","5","3959","","","","","","","","","","","","","",""
"1","1","7","2","5","2203","","","","","","","","","","","","","",""
"1","1","8","2","5","4083","","","","","","","","","","","","","",""
"1","1","1","3","5","4534","","","","","","","","","","","","","",""
"1","1","2","3","5","4640","","","","","","","","","","","","","",""
"1","1","3","3","5","3727","","","","","","","","","","","","","",""
"1","1","4","3","5","5762","","","","","","","","","","","","","",""
"1","1","5","3","5","3499","","","","","","","","","","","","","",""
"1","1","6","3","5","4942","","","","","","","","","","","","","",""
"1","1","7","3","5","2804","","","","","","","","","","","","","",""
"1","1","8","3","5","4955","","","","","","","","","","","","","",""
"1","1","1","4","5","4645","","","","","","","","","","","","","",""
"1","1","2","4","5","4909","","","","","","","","","","","","","",""
"1","1","3","4","5","3971","","","","","","","","","","","","","",""
"1","1","4","4","5","5702","","","","","","","","","","","","","",""
"1","1","5","4","5","4201","","","","","","","","","","","","","",""
"1","1","6","4","5","5502","","","","","","","","","","","","","",""
"1","1","7","4","5","3340","","","","","","","","","","","","","",""
"1","1","8","4","5","5714","","","","","","","","","","","","","",""
"1","1","1","5","5","5044","","","","","","","","","","","","","",""
"1","1","2","5","5","5428","","","","","","","","","","","","","",""
"1","1","3","5","5","4485","","","","","","","","","","","","","",""
"1","1","4","5","5","6232","","","","","","","","","","","","","",""
"1","1","5","5","5","4417","","","","","","","","","","","","","",""
"1","1","6","5","5","5844","","","","","","","","","","","","","",""
"1","1","7","5","5","3735","","","","","","","","","","","","","",""
"1","1","8","5","5","5723","","","","","","","","","","","","","",""
"1","1","1","6","5","5671","","","","","","","","","","","","","",""
"1","1","2","6","5","6016","","","","","","","","","","","","","",""
"1","1","3","6","5","5087","","","","","","","","","","","","","",""
"1","1","4","6","5","6721","","","","","","","","","","","","","",""
"1","1","5","6","5","4822","","","","","","","","","","","","","",""
"1","1","6","6","5","6017","","","","","","","","","","","","","",""
"1","1","7","6","5","4100","","","","","","","","","","","","","",""
"1","1","8","6","5","6025","","","","","","","","","","","","","",""
"1","1","1","7","5","6526","","","","","","","","","","","","","",""
"1","1","2","7","5","6818","","","","","","","","","","","","","",""
"1","1","3","7","5","5972","","","","","","","","","","","","","",""
"1","1","4","7","5","7399","","","","","","","","","","","","","",""
"1","1","5","7","5","5310","","","","","","","","","","","","","",""
"1","1","6","7","5","6767","","","","","","","","","","","","","",""
"1","1","7","7","5","4911","","","","","","","","","","","","","",""
"1","1","8","7","5","6794","","","","","","","","","","","","","",""
"1","0","1","1","5","15","","","","","","","","","","","","","",""
"1","0","2","1","5","5","","","","","","","","","","","","","",""
"1","0","3","1","5","5","","","","","","","","","","","","","",""
"1","0","4","1","5","18","","","","","","","","","","","","","",""
"1","0","5","1","5","6","","","","","","","","","","","","","",""
"1","0","6","1","5","11","","","","","","","","","","","","","",""
"1","0","7","1","5","212","","","","","","","","","","","","","",""
"1","0","8","1","5","16","","","","","","","","","","","","","",""
"1","0","1","2","5","118","","","","","","","","","","","","","",""
"1","0","2","2","5","22","","","","","","","","","","","","","",""
"1","0","3","2","5","31","","","","","","","","","","","","","",""
"1","0","4","2","5","41","","","","","","","","","","","","","",""
"1","0","5","2","5","9","","","","","","","","","","","","","",""
"1","0","6","2","5","31","","","","","","","","","","","","","",""
"1","0","7","2","5","138","","","","","","","","","","","","","",""
"1","0","8","2","5","24","","","","","","","","","","","","","",""
"1","0","1","3","5","45","","","","","","","","","","","","","",""
"1","0","2","3","5","74","","","","","","","","","","","","","",""
"1","0","3","3","5","74","","","","","","","","","","","","","",""
"1","0","4","3","5","64","","","","","","","","","","","","","",""
"1","0","5","3","5","20","","","","","","","","","","","","","",""
"1","0","6","3","5","32","","","","","","","","","","","","","",""
"1","0","7","3","5","148","","","","","","","","","","","","","",""
"1","0","8","3","5","33","","","","","","","","","","","","","",""
"1","0","1","4","5","117","","","","","","","","","","","","","",""
"1","0","2","4","5","150","","","","","","","","","","","","","",""
"1","0","3","4","5","161","","","","","","","","","","","","","",""
"1","0","4","4","5","163","","","","","","","","","","","","","",""
"1","0","5","4","5","77","","","","","","","","","","","","","",""
"1","0","6","4","5","108","","","","","","","","","","","","","",""
"1","0","7","4","5","219","","","","","","","","","","","","","",""
"1","0","8","4","5","116","","","","","","","","","","","","","",""
"1","0","1","5","5","218","","","","","","","","","","","","","",""
"1","0","2","5","5","265","","","","","","","","","","","","","",""
"1","0","3","5","5","283","","","","","","","","","","","","","",""
"1","0","4","5","5","321","","","","","","","","","","","","","",""
"1","0","5","5","5","161","","","","","","","","","","","","","",""
"1","0","6","5","5","241","","","","","","","","","","","","","",""
"1","0","7","5","5","339","","","","","","","","","","","","","",""
"1","0","8","5","5","250","","","","","","","","","","","","","",""
"1","0","1","6","5","376","","","","","","","","","","","","","",""
"1","0","2","6","5","385","","","","","","","","","","","","","",""
"1","0","3","6","5","470","","","","","","","","","","","","","",""
"1","0","4","6","5","527","","","","","","","","","","","","","",""
"1","0","5","6","5","307","","","","","","","","","","","","","",""
"1","0","6","6","5","420","","","","","","","","","","","","","",""
"1","0","7","6","5","413","","","","","","","","","","","","","",""
"1","0","8","6","5","465","","","","","","","","","","","","","",""
"1","0","1","7","5","551","","","","","","","","","","","","","",""
"1","0","2","7","5","558","","","","","","","","","","","","","",""
"1","0","3","7","5","612","","","","","","","","","","","","","",""
"1","0","4","7","5","788","","","","","","","","","","","","","",""
"1","0","5","7","5","449","","","","","","","","","","","","","",""
"1","0","6","7","5","686","","","","","","","","","","","","","",""
"1","0","7","7","5","619","","","","","","","","","","","","","",""
"1","0","8","7","5","649","","","","","","","","","","","","","",""
"0","1","1","1","5","3371","","","","","","","","","","","","","",""
"0","1","2","1","5","4491","","","","","","","","","","","","","",""
"0","1","3","1","5","2286","","","","","","","","","","","","","",""
"0","1","4","1","5","4857","","","","","","","","","","","","","",""
"0","1","5","1","5","2095","","","","","","","","","","","","","",""
"0","1","6","1","5","3987","","","","","","","","","","","","","",""
"0","1","7","1","5","2108","","","","","","","","","","","","","",""
"0","1","8","1","5","4035","","","","","","","","","","","","","",""
"0","1","1","2","5","3648","","","","","","","","","","","","","",""
"0","1","2","2","5","4405","","","","","","","","","","","","","",""
"0","1","3","2","5","2743","","","","","","","","","","","","","",""
"0","1","4","2","5","5004","","","","","","","","","","","","","",""
"0","1","5","2","5","2306","","","","","","","","","","","","","",""
"0","1","6","2","5","4024","","","","","","","","","","","","","",""
"0","1","7","2","5","2403","","","","","","","","","","","","","",""
"0","1","8","2","5","4099","","","","","","","","","","","","","",""
"0","1","1","3","5","4439","","","","","","","","","","","","","",""
"0","1","2","3","5","5329","","","","","","","","","","","","","",""
"0","1","3","3","5","3427","","","","","","","","","","","","","",""
"0","1","4","3","5","5794","","","","","","","","","","","","","",""
"0","1","5","3","5","3032","","","","","","","","","","","","","",""
"0","1","6","3","5","5082","","","","","","","","","","","","","",""
"0","1","7","3","5","3101","","","","","","","","","","","","","",""
"0","1","8","3","5","5029","","","","","","","","","","","","","",""
"0","1","1","4","5","5070","","","","","","","","","","","","","",""
"0","1","2","4","5","5655","","","","","","","","","","","","","",""
"0","1","3","4","5","4030","","","","","","","","","","","","","",""
"0","1","4","4","5","6325","","","","","","","","","","","","","",""
"0","1","5","4","5","3861","","","","","","","","","","","","","",""
"0","1","6","4","5","5983","","","","","","","","","","","","","",""
"0","1","7","4","5","3902","","","","","","","","","","","","","",""
"0","1","8","4","5","6011","","","","","","","","","","","","","",""
"0","1","1","5","5","5616","","","","","","","","","","","","","",""
"0","1","2","5","5","6265","","","","","","","","","","","","","",""
"0","1","3","5","5","4587","","","","","","","","","","","","","",""
"0","1","4","5","5","6776","","","","","","","","","","","","","",""
"0","1","5","5","5","4263","","","","","","","","","","","","","",""
"0","1","6","5","5","6188","","","","","","","","","","","","","",""
"0","1","7","5","5","4136","","","","","","","","","","","","","",""
"0","1","8","5","5","5988","","","","","","","","","","","","","",""
"0","1","1","6","5","6333","","","","","","","","","","","","","",""
"0","1","2","6","5","6455","","","","","","","","","","","","","",""
"0","1","3","6","5","5241","","","","","","","","","","","","","",""
"0","1","4","6","5","7327","","","","","","","","","","","","","",""
"0","1","5","6","5","4791","","","","","","","","","","","","","",""
"0","1","6","6","5","6784","","","","","","","","","","","","","",""
"0","1","7","6","5","4749","","","","","","","","","","","","","",""
"0","1","8","6","5","6588","","","","","","","","","","","","","",""
"0","1","1","7","5","6780","","","","","","","","","","","","","",""
"0","1","2","7","5","6802","","","","","","","","","","","","","",""
"0","1","3","7","5","5925","","","","","","","","","","","","","",""
"0","1","4","7","5","7479","","","","","","","","","","","","","",""
"0","1","5","7","5","5305","","","","","","","","","","","","","",""
"0","1","6","7","5","7122","","","","","","","","","","","","","",""
"0","1","7","7","5","5331","","","","","","","","","","","","","",""
"0","1","8","7","5","6857","","","","","","","","","","","","","",""
"0","0","1","1","5","14","","","","","","","","","","","","","",""
"0","0","2","1","5","47","","","","","","","","","","","","","",""
"0","0","3","1","5","16","","","","","","","","","","","","","",""
"0","0","4","1","5","34","","","","","","","","","","","","","",""
"0","0","5","1","5","4","","","","","","","","","","","","","",""
"0","0","6","1","5","12","","","","","","","","","","","","","",""
"0","0","7","1","5","546","","","","","","","","","","","","","",""
"0","0","8","1","5","18","","","","","","","","","","","","","",""
"0","0","1","2","5","15","","","","","","","","","","","","","",""
"0","0","2","2","5","60","","","","","","","","","","","","","",""
"0","0","3","2","5","18","","","","","","","","","","","","","",""
"0","0","4","2","5","45","","","","","","","","","","","","","",""
"0","0","5","2","5","96","","","","","","","","","","","","","",""
"0","0","6","2","5","26","","","","","","","","","","","","","",""
"0","0","7","2","5","16","","","","","","","","","","","","","",""
"0","0","8","2","5","42","","","","","","","","","","","","","",""
"0","0","1","3","5","45","","","","","","","","","","","","","",""
"0","0","2","3","5","110","","","","","","","","","","","","","",""
"0","0","3","3","5","37","","","","","","","","","","","","","",""
"0","0","4","3","5","81","","","","","","","","","","","","","",""
"0","0","5","3","5","32","","","","","","","","","","","","","",""
"0","0","6","3","5","64","","","","","","","","","","","","","",""
"0","0","7","3","5","44","","","","","","","","","","","","","",""
"0","0","8","3","5","90","","","","","","","","","","","","","",""
"0","0","1","4","5","110","","","","","","","","","","","","","",""
"0","0","2","4","5","160","","","","","","","","","","","","","",""
"0","0","3","4","5","109","","","","","","","","","","","","","",""
"0","0","4","4","5","142","","","","","","","","","","","","","",""
"0","0","5","4","5","70","","","","","","","","","","","","","",""
"0","0","6","4","5","147","","","","","","","","","","","","","",""
"0","0","7","4","5","103","","","","","","","","","","","","","",""
"0","0","8","4","5","161","","","","","","","","","","","","","",""
"0","0","1","5","5","197","","","","","","","","","","","","","",""
"0","0","2","5","5","290","","","","","","","","","","","","","",""
"0","0","3","5","5","199","","","","","","","","","","","","","",""
"0","0","4","5","5","262","","","","","","","","","","","","","",""
"0","0","5","5","5","140","","","","","","","","","","","","","",""
"0","0","6","5","5","271","","","","","","","","","","","","","",""
"0","0","7","5","5","175","","","","","","","","","","","","","",""
"0","0","8","5","5","237","","","","","","","","","","","","","",""
"0","0","1","6","5","340","","","","","","","","","","","","","",""
"0","0","2","6","5","452","","","","","","","","","","","","","",""
"0","0","3","6","5","340","","","","","","","","","","","","","",""
"0","0","4","6","5","493","","","","","","","","","","","","","",""
"0","0","5","6","5","232","","","","","","","","","","","","","",""
"0","0","6","6","5","417","","","","","","","","","","","","","",""
"0","0","7","6","5","332","","","","","","","","","","","","","",""
"0","0","8","6","5","487","","","","","","","","","","","","","",""
"0","0","1","7","5","562","","","","","","","","","","","","","",""
"0","0","2","7","5","725","","","","","","","","","","","","","",""
"0","0","3","7","5","459","","","","","","","","","","","","","",""
"0","0","4","7","5","919","","","","","","","","","","","","","",""
"0","0","5","7","5","333","","","","","","","","","","","","","",""
"0","0","6","7","5","612","","","","","","","","","","","","","",""
"0","0","7","7","5","441","","","","","","","","","","","","","",""
"0","0","8","7","5","601","","","","","","","","","","","","","",""
