Tratamiento ;Condición;Pseudoreplica ;Tiempo;Concentración AntimiRs;Fluorescencia;;;;;;;;;;;;;;
1;1;1;1;20;2165;;;;;;;;;;;;;;
1;1;2;1;20;2842;;;;;;;;;;;;;;
1;1;3;1;20;2112;;;;;;;;;;;;;;
1;1;4;1;20;2643;;;;;;;;;;;;;;
1;1;5;1;20;2285;;;;;;;;;;;;;;
1;1;6;1;20;2356;;;;;;;;;;;;;;
1;1;7;1;20;2377;;;;;;;;;;;;;;
1;1;8;1;20;3562;;;;;;;;;;;;;;
1;1;1;2;20;2205;;;;;;;;;;;;;;
1;1;2;2;20;2835;;;;;;;;;;;;;;
1;1;3;2;20;2163;;;;;;;;;;;;;;
1;1;4;2;20;2667;;;;;;;;;;;;;;
1;1;5;2;20;2477;;;;;;;;;;;;;;
1;1;6;2;20;2602;;;;;;;;;;;;;;
1;1;7;2;20;2581;;;;;;;;;;;;;;
1;1;8;2;20;3688;;;;;;;;;;;;;;
1;1;1;3;20;2445;;;;;;;;;;;;;;
1;1;2;3;20;3228;;;;;;;;;;;;;;
1;1;3;3;20;2400;;;;;;;;;;;;;;
1;1;4;3;20;2899;;;;;;;;;;;;;;
1;1;5;3;20;2946;;;;;;;;;;;;;;
1;1;6;3;20;3059;;;;;;;;;;;;;;
1;1;7;3;20;3059;;;;;;;;;;;;;;
1;1;8;3;20;4290;;;;;;;;;;;;;;
1;1;1;4;20;2774;;;;;;;;;;;;;;
1;1;2;4;20;3589;;;;;;;;;;;;;;
1;1;3;4;20;2695;;;;;;;;;;;;;;
1;1;4;4;20;3296;;;;;;;;;;;;;;
1;1;5;4;20;3450;;;;;;;;;;;;;;
1;1;6;4;20;3522;;;;;;;;;;;;;;
1;1;7;4;20;3537;;;;;;;;;;;;;;
1;1;8;4;20;4950;;;;;;;;;;;;;;
1;1;1;5;20;3111;;;;;;;;;;;;;;
1;1;2;5;20;4038;;;;;;;;;;;;;;
1;1;3;5;20;2994;;;;;;;;;;;;;;
1;1;4;5;20;3575;;;;;;;;;;;;;;
1;1;5;5;20;3769;;;;;;;;;;;;;;
1;1;6;5;20;3939;;;;;;;;;;;;;;
1;1;7;5;20;3863;;;;;;;;;;;;;;
1;1;8;5;20;5367;;;;;;;;;;;;;;
1;1;1;6;20;3516;;;;;;;;;;;;;;
1;1;2;6;20;4411;;;;;;;;;;;;;;
1;1;3;6;20;3242;;;;;;;;;;;;;;
1;1;4;6;20;3810;;;;;;;;;;;;;;
1;1;5;6;20;4001;;;;;;;;;;;;;;
1;1;6;6;20;4219;;;;;;;;;;;;;;
1;1;7;6;20;4110;;;;;;;;;;;;;;
1;1;8;6;20;5424;;;;;;;;;;;;;;
1;1;1;7;20;3917;;;;;;;;;;;;;;
1;1;2;7;20;4877;;;;;;;;;;;;;;
1;1;3;7;20;3434;;;;;;;;;;;;;;
1;1;4;7;20;4201;;;;;;;;;;;;;;
1;1;5;7;20;4330;;;;;;;;;;;;;;
1;1;6;7;20;4790;;;;;;;;;;;;;;
1;1;7;7;20;4532;;;;;;;;;;;;;;
1;1;8;7;20;6030;;;;;;;;;;;;;;
1;0;1;1;20;517;;;;;;;;;;;;;;
1;0;2;1;20;6;;;;;;;;;;;;;;
1;0;3;1;20;21;;;;;;;;;;;;;;
1;0;4;1;20;4;;;;;;;;;;;;;;
1;0;5;1;20;11;;;;;;;;;;;;;;
1;0;6;1;20;15;;;;;;;;;;;;;;
1;0;7;1;20;4;;;;;;;;;;;;;;
1;0;8;1;20;2;;;;;;;;;;;;;;
1;0;1;2;20;64;;;;;;;;;;;;;;
1;0;2;2;20;69;;;;;;;;;;;;;;
1;0;3;2;20;73;;;;;;;;;;;;;;
1;0;4;2;20;84;;;;;;;;;;;;;;
1;0;5;2;20;75;;;;;;;;;;;;;;
1;0;6;2;20;72;;;;;;;;;;;;;;
1;0;7;2;20;55;;;;;;;;;;;;;;
1;0;8;2;20;72;;;;;;;;;;;;;;
1;0;1;3;20;352;;;;;;;;;;;;;;
1;0;2;3;20;417;;;;;;;;;;;;;;
1;0;3;3;20;346;;;;;;;;;;;;;;
1;0;4;3;20;412;;;;;;;;;;;;;;
1;0;5;3;20;321;;;;;;;;;;;;;;
1;0;6;3;20;283;;;;;;;;;;;;;;
1;0;7;3;20;314;;;;;;;;;;;;;;
1;0;8;3;20;341;;;;;;;;;;;;;;
1;0;1;4;20;787;;;;;;;;;;;;;;
1;0;2;4;20;888;;;;;;;;;;;;;;
1;0;3;4;20;831;;;;;;;;;;;;;;
1;0;4;4;20;1043;;;;;;;;;;;;;;
1;0;5;4;20;786;;;;;;;;;;;;;;
1;0;6;4;20;746;;;;;;;;;;;;;;
1;0;7;4;20;765;;;;;;;;;;;;;;
1;0;8;4;20;864;;;;;;;;;;;;;;
1;0;1;5;20;1284;;;;;;;;;;;;;;
1;0;2;5;20;1597;;;;;;;;;;;;;;
1;0;3;5;20;1366;;;;;;;;;;;;;;
1;0;4;5;20;1730;;;;;;;;;;;;;;
1;0;5;5;20;1214;;;;;;;;;;;;;;
1;0;6;5;20;1176;;;;;;;;;;;;;;
1;0;7;5;20;1211;;;;;;;;;;;;;;
1;0;8;5;20;1410;;;;;;;;;;;;;;
1;0;1;6;20;1688;;;;;;;;;;;;;;
1;0;2;6;20;2197;;;;;;;;;;;;;;
1;0;3;6;20;1784;;;;;;;;;;;;;;
1;0;4;6;20;2229;;;;;;;;;;;;;;
1;0;5;6;20;1573;;;;;;;;;;;;;;
1;0;6;6;20;1552;;;;;;;;;;;;;;
1;0;7;6;20;1563;;;;;;;;;;;;;;
1;0;8;6;20;2003;;;;;;;;;;;;;;
1;0;1;7;20;2011;;;;;;;;;;;;;;
1;0;2;7;20;2668;;;;;;;;;;;;;;
1;0;3;7;20;2084;;;;;;;;;;;;;;
1;0;4;7;20;2653;;;;;;;;;;;;;;
1;0;5;7;20;1845;;;;;;;;;;;;;;
1;0;6;7;20;1830;;;;;;;;;;;;;;
1;0;7;7;20;1840;;;;;;;;;;;;;;
1;0;8;7;20;2372;;;;;;;;;;;;;;
0;1;1;1;0;3737;;;;;;;;;;;;;;
0;1;2;1;0;4223;;;;;;;;;;;;;;
0;1;3;1;0;2820;;;;;;;;;;;;;;
0;1;4;1;0;4939;;;;;;;;;;;;;;
0;1;5;1;0;1841;;;;;;;;;;;;;;
0;1;6;1;0;3817;;;;;;;;;;;;;;
0;1;7;1;0;1930;;;;;;;;;;;;;;
0;1;8;1;0;4286;;;;;;;;;;;;;;
0;1;1;2;0;3877;;;;;;;;;;;;;;
0;1;2;2;0;4247;;;;;;;;;;;;;;
0;1;3;2;0;3106;;;;;;;;;;;;;;
0;1;4;2;0;4866;;;;;;;;;;;;;;
0;1;5;2;0;2781;;;;;;;;;;;;;;
0;1;6;2;0;4060;;;;;;;;;;;;;;
0;1;7;2;0;2303;;;;;;;;;;;;;;
0;1;8;2;0;4282;;;;;;;;;;;;;;
0;1;1;3;0;4417;;;;;;;;;;;;;;
0;1;2;3;0;4811;;;;;;;;;;;;;;
0;1;3;3;0;3581;;;;;;;;;;;;;;
0;1;4;3;0;5489;;;;;;;;;;;;;;
0;1;5;3;0;3298;;;;;;;;;;;;;;
0;1;6;3;0;4782;;;;;;;;;;;;;;
0;1;7;3;0;2764;;;;;;;;;;;;;;
0;1;8;3;0;5032;;;;;;;;;;;;;;
0;1;1;4;0;5055;;;;;;;;;;;;;;
0;1;2;4;0;5338;;;;;;;;;;;;;;
0;1;3;4;0;4085;;;;;;;;;;;;;;
0;1;4;4;0;6113;;;;;;;;;;;;;;
0;1;5;4;0;3812;;;;;;;;;;;;;;
0;1;6;4;0;5491;;;;;;;;;;;;;;
0;1;7;4;0;3221;;;;;;;;;;;;;;
0;1;8;4;0;5527;;;;;;;;;;;;;;
0;1;1;5;0;5534;;;;;;;;;;;;;;
0;1;2;5;0;5795;;;;;;;;;;;;;;
0;1;3;5;0;4633;;;;;;;;;;;;;;
0;1;4;5;0;6320;;;;;;;;;;;;;;
0;1;5;5;0;4269;;;;;;;;;;;;;;
0;1;6;5;0;5825;;;;;;;;;;;;;;
0;1;7;5;0;3569;;;;;;;;;;;;;;
0;1;8;5;0;6007;;;;;;;;;;;;;;
0;1;1;6;0;5464;;;;;;;;;;;;;;
0;1;2;6;0;5687;;;;;;;;;;;;;;
0;1;3;6;0;4586;;;;;;;;;;;;;;
0;1;4;6;0;6258;;;;;;;;;;;;;;
0;1;5;6;0;4276;;;;;;;;;;;;;;
0;1;6;6;0;5718;;;;;;;;;;;;;;
0;1;7;6;0;3658;;;;;;;;;;;;;;
0;1;8;6;0;5696;;;;;;;;;;;;;;
0;1;1;7;0;6193;;;;;;;;;;;;;;
0;1;2;7;0;6356;;;;;;;;;;;;;;
0;1;3;7;0;5172;;;;;;;;;;;;;;
0;1;4;7;0;6883;;;;;;;;;;;;;;
0;1;5;7;0;4955;;;;;;;;;;;;;;
0;1;6;7;0;6590;;;;;;;;;;;;;;
0;1;7;7;0;4199;;;;;;;;;;;;;;
0;1;8;7;0;6686;;;;;;;;;;;;;;
0;0;1;1;0;9;;;;;;;;;;;;;;
0;0;2;1;0;21;;;;;;;;;;;;;;
0;0;3;1;0;6;;;;;;;;;;;;;;
0;0;4;1;0;45;;;;;;;;;;;;;;
0;0;5;1;0;10;;;;;;;;;;;;;;
0;0;6;1;0;13;;;;;;;;;;;;;;
0;0;7;1;0;10;;;;;;;;;;;;;;
0;0;8;1;0;20;;;;;;;;;;;;;;
0;0;1;2;0;17;;;;;;;;;;;;;;
0;0;2;2;0;42;;;;;;;;;;;;;;
0;0;3;2;0;18;;;;;;;;;;;;;;
0;0;4;2;0;63;;;;;;;;;;;;;;
0;0;5;2;0;21;;;;;;;;;;;;;;
0;0;6;2;0;36;;;;;;;;;;;;;;
0;0;7;2;0;34;;;;;;;;;;;;;;
0;0;8;2;0;47;;;;;;;;;;;;;;
0;0;1;3;0;136;;;;;;;;;;;;;;
0;0;2;3;0;121;;;;;;;;;;;;;;
0;0;3;3;0;180;;;;;;;;;;;;;;
0;0;4;3;0;181;;;;;;;;;;;;;;
0;0;5;3;0;87;;;;;;;;;;;;;;
0;0;6;3;0;128;;;;;;;;;;;;;;
0;0;7;3;0;147;;;;;;;;;;;;;;
0;0;8;3;0;158;;;;;;;;;;;;;;
0;0;1;4;0;387;;;;;;;;;;;;;;
0;0;2;4;0;388;;;;;;;;;;;;;;
0;0;3;4;0;538;;;;;;;;;;;;;;
0;0;4;4;0;393;;;;;;;;;;;;;;
0;0;5;4;0;307;;;;;;;;;;;;;;
0;0;6;4;0;349;;;;;;;;;;;;;;
0;0;7;4;0;372;;;;;;;;;;;;;;
0;0;8;4;0;360;;;;;;;;;;;;;;
0;0;1;5;0;804;;;;;;;;;;;;;;
0;0;2;5;0;782;;;;;;;;;;;;;;
0;0;3;5;0;1006;;;;;;;;;;;;;;
0;0;4;5;0;813;;;;;;;;;;;;;;
0;0;5;5;0;708;;;;;;;;;;;;;;
0;0;6;5;0;651;;;;;;;;;;;;;;
0;0;7;5;0;735;;;;;;;;;;;;;;
0;0;8;5;0;708;;;;;;;;;;;;;;
0;0;1;6;0;1241;;;;;;;;;;;;;;
0;0;2;6;0;1172;;;;;;;;;;;;;;
0;0;3;6;0;1391;;;;;;;;;;;;;;
0;0;4;6;0;1169;;;;;;;;;;;;;;
0;0;5;6;0;1007;;;;;;;;;;;;;;
0;0;6;6;0;982;;;;;;;;;;;;;;
0;0;7;6;0;1017;;;;;;;;;;;;;;
0;0;8;6;0;987;;;;;;;;;;;;;;
0;0;1;7;0;1600;;;;;;;;;;;;;;
0;0;2;7;0;1591;;;;;;;;;;;;;;
0;0;3;7;0;1670;;;;;;;;;;;;;;
0;0;4;7;0;1721;;;;;;;;;;;;;;
0;0;5;7;0;1261;;;;;;;;;;;;;;
0;0;6;7;0;1370;;;;;;;;;;;;;;
0;0;7;7;0;1290;;;;;;;;;;;;;;
0;0;8;7;0;1322;;;;;;;;;;;;;;
1;1;1;1;10;3299;;;;;;;;;;;;;;
1;1;2;1;10;2115;;;;;;;;;;;;;;
1;1;3;1;10;4180;;;;;;;;;;;;;;
1;1;4;1;10;4121;;;;;;;;;;;;;;
1;1;5;1;10;2042;;;;;;;;;;;;;;
1;1;6;1;10;3473;;;;;;;;;;;;;;
1;1;7;1;10;1838;;;;;;;;;;;;;;
1;1;8;1;10;4153;;;;;;;;;;;;;;
1;1;1;2;10;3437;;;;;;;;;;;;;;
1;1;2;2;10;2317;;;;;;;;;;;;;;
1;1;3;2;10;4358;;;;;;;;;;;;;;
1;1;4;2;10;4249;;;;;;;;;;;;;;
1;1;5;2;10;2329;;;;;;;;;;;;;;
1;1;6;2;10;3813;;;;;;;;;;;;;;
1;1;7;2;10;2095;;;;;;;;;;;;;;
1;1;8;2;10;4403;;;;;;;;;;;;;;
1;1;1;3;10;4285;;;;;;;;;;;;;;
1;1;2;3;10;2853;;;;;;;;;;;;;;
1;1;3;3;10;5469;;;;;;;;;;;;;;
1;1;4;3;10;5165;;;;;;;;;;;;;;
1;1;5;3;10;2827;;;;;;;;;;;;;;
1;1;6;3;10;4492;;;;;;;;;;;;;;
1;1;7;3;10;2570;;;;;;;;;;;;;;
1;1;8;3;10;5111;;;;;;;;;;;;;;
1;1;1;4;10;4732;;;;;;;;;;;;;;
1;1;2;4;10;3195;;;;;;;;;;;;;;
1;1;3;4;10;5909;;;;;;;;;;;;;;
1;1;4;4;10;5561;;;;;;;;;;;;;;
1;1;5;4;10;3308;;;;;;;;;;;;;;
1;1;6;4;10;5159;;;;;;;;;;;;;;
1;1;7;4;10;2905;;;;;;;;;;;;;;
1;1;8;4;10;5671;;;;;;;;;;;;;;
1;1;1;5;10;5205;;;;;;;;;;;;;;
1;1;2;5;10;3498;;;;;;;;;;;;;;
1;1;3;5;10;6450;;;;;;;;;;;;;;
1;1;4;5;10;5914;;;;;;;;;;;;;;
1;1;5;5;10;3621;;;;;;;;;;;;;;
1;1;6;5;10;5754;;;;;;;;;;;;;;
1;1;7;5;10;3292;;;;;;;;;;;;;;
1;1;8;5;10;6196;;;;;;;;;;;;;;
1;1;1;6;10;5709;;;;;;;;;;;;;;
1;1;2;6;10;3868;;;;;;;;;;;;;;
1;1;3;6;10;6717;;;;;;;;;;;;;;
1;1;4;6;10;6345;;;;;;;;;;;;;;
1;1;5;6;10;3951;;;;;;;;;;;;;;
1;1;6;6;10;5958;;;;;;;;;;;;;;
1;1;7;6;10;3481;;;;;;;;;;;;;;
1;1;8;6;10;6271;;;;;;;;;;;;;;
1;1;1;7;10;6228;;;;;;;;;;;;;;
1;1;2;7;10;4388;;;;;;;;;;;;;;
1;1;3;7;10;7409;;;;;;;;;;;;;;
1;1;4;7;10;6739;;;;;;;;;;;;;;
1;1;5;7;10;4462;;;;;;;;;;;;;;
1;1;6;7;10;6504;;;;;;;;;;;;;;
1;1;7;7;10;3865;;;;;;;;;;;;;;
1;1;8;7;10;6787;;;;;;;;;;;;;;
1;0;1;1;10;13;;;;;;;;;;;;;;
1;0;2;1;10;16;;;;;;;;;;;;;;
1;0;3;1;10;6;;;;;;;;;;;;;;
1;0;4;1;10;22;;;;;;;;;;;;;;
1;0;5;1;10;11;;;;;;;;;;;;;;
1;0;6;1;10;25;;;;;;;;;;;;;;
1;0;7;1;10;194;;;;;;;;;;;;;;
1;0;8;1;10;50;;;;;;;;;;;;;;
1;0;1;2;10;21;;;;;;;;;;;;;;
1;0;2;2;10;44;;;;;;;;;;;;;;
1;0;3;2;10;30;;;;;;;;;;;;;;
1;0;4;2;10;65;;;;;;;;;;;;;;
1;0;5;2;10;32;;;;;;;;;;;;;;
1;0;6;2;10;75;;;;;;;;;;;;;;
1;0;7;2;10;291;;;;;;;;;;;;;;
1;0;8;2;10;265;;;;;;;;;;;;;;
1;0;1;3;10;179;;;;;;;;;;;;;;
1;0;2;3;10;214;;;;;;;;;;;;;;
1;0;3;3;10;161;;;;;;;;;;;;;;
1;0;4;3;10;206;;;;;;;;;;;;;;
1;0;5;3;10;235;;;;;;;;;;;;;;
1;0;6;3;10;333;;;;;;;;;;;;;;
1;0;7;3;10;404;;;;;;;;;;;;;;
1;0;8;3;10;488;;;;;;;;;;;;;;
1;0;1;4;10;496;;;;;;;;;;;;;;
1;0;2;4;10;584;;;;;;;;;;;;;;
1;0;3;4;10;393;;;;;;;;;;;;;;
1;0;4;4;10;526;;;;;;;;;;;;;;
1;0;5;4;10;661;;;;;;;;;;;;;;
1;0;6;4;10;1059;;;;;;;;;;;;;;
1;0;7;4;10;846;;;;;;;;;;;;;;
1;0;8;4;10;981;;;;;;;;;;;;;;
1;0;1;5;10;932;;;;;;;;;;;;;;
1;0;2;5;10;988;;;;;;;;;;;;;;
1;0;3;5;10;721;;;;;;;;;;;;;;
1;0;4;5;10;930;;;;;;;;;;;;;;
1;0;5;5;10;1091;;;;;;;;;;;;;;
1;0;6;5;10;1785;;;;;;;;;;;;;;
1;0;7;5;10;1246;;;;;;;;;;;;;;
1;0;8;5;10;1689;;;;;;;;;;;;;;
1;0;1;6;10;1295;;;;;;;;;;;;;;
1;0;2;6;10;1252;;;;;;;;;;;;;;
1;0;3;6;10;1034;;;;;;;;;;;;;;
1;0;4;6;10;1393;;;;;;;;;;;;;;
1;0;5;6;10;1591;;;;;;;;;;;;;;
1;0;6;6;10;2286;;;;;;;;;;;;;;
1;0;7;6;10;1655;;;;;;;;;;;;;;
1;0;8;6;10;2192;;;;;;;;;;;;;;
1;0;1;7;10;1673;;;;;;;;;;;;;;
1;0;2;7;10;1579;;;;;;;;;;;;;;
1;0;3;7;10;1449;;;;;;;;;;;;;;
1;0;4;7;10;1838;;;;;;;;;;;;;;
1;0;5;7;10;1977;;;;;;;;;;;;;;
1;0;6;7;10;2965;;;;;;;;;;;;;;
1;0;7;7;10;2076;;;;;;;;;;;;;;
1;0;8;7;10;2714;;;;;;;;;;;;;;
0;1;1;1;0;3277;;;;;;;;;;;;;;
0;1;2;1;0;3295;;;;;;;;;;;;;;
0;1;3;1;0;2885;;;;;;;;;;;;;;
0;1;4;1;0;4387;;;;;;;;;;;;;;
0;1;5;1;0;2055;;;;;;;;;;;;;;
0;1;6;1;0;4090;;;;;;;;;;;;;;
0;1;7;1;0;2095;;;;;;;;;;;;;;
0;1;8;1;0;4036;;;;;;;;;;;;;;
0;1;1;2;0;3931;;;;;;;;;;;;;;
0;1;2;2;0;3604;;;;;;;;;;;;;;
0;1;3;2;0;3225;;;;;;;;;;;;;;
0;1;4;2;0;4585;;;;;;;;;;;;;;
0;1;5;2;0;2386;;;;;;;;;;;;;;
0;1;6;2;0;4155;;;;;;;;;;;;;;
0;1;7;2;0;2352;;;;;;;;;;;;;;
0;1;8;2;0;4157;;;;;;;;;;;;;;
0;1;1;3;0;4715;;;;;;;;;;;;;;
0;1;2;3;0;4223;;;;;;;;;;;;;;
0;1;3;3;0;3850;;;;;;;;;;;;;;
0;1;4;3;0;5327;;;;;;;;;;;;;;
0;1;5;3;0;2920;;;;;;;;;;;;;;
0;1;6;3;0;5040;;;;;;;;;;;;;;
0;1;7;3;0;2904;;;;;;;;;;;;;;
0;1;8;3;0;4971;;;;;;;;;;;;;;
0;1;1;4;0;5166;;;;;;;;;;;;;;
0;1;2;4;0;4846;;;;;;;;;;;;;;
0;1;3;4;0;4424;;;;;;;;;;;;;;
0;1;4;4;0;5757;;;;;;;;;;;;;;
0;1;5;4;0;3527;;;;;;;;;;;;;;
0;1;6;4;0;5762;;;;;;;;;;;;;;
0;1;7;4;0;3390;;;;;;;;;;;;;;
0;1;8;4;0;5659;;;;;;;;;;;;;;
0;1;1;5;0;5743;;;;;;;;;;;;;;
0;1;2;5;0;5500;;;;;;;;;;;;;;
0;1;3;5;0;4769;;;;;;;;;;;;;;
0;1;4;5;0;6325;;;;;;;;;;;;;;
0;1;5;5;0;3940;;;;;;;;;;;;;;
0;1;6;5;0;6127;;;;;;;;;;;;;;
0;1;7;5;0;3875;;;;;;;;;;;;;;
0;1;8;5;0;6184;;;;;;;;;;;;;;
0;1;1;6;0;5977;;;;;;;;;;;;;;
0;1;2;6;0;5712;;;;;;;;;;;;;;
0;1;3;6;0;5255;;;;;;;;;;;;;;
0;1;4;6;0;6342;;;;;;;;;;;;;;
0;1;5;6;0;4573;;;;;;;;;;;;;;
0;1;6;6;0;6886;;;;;;;;;;;;;;
0;1;7;6;0;4458;;;;;;;;;;;;;;
0;1;8;6;0;6708;;;;;;;;;;;;;;
0;1;1;7;0;6775;;;;;;;;;;;;;;
0;1;2;7;0;6449;;;;;;;;;;;;;;
0;1;3;7;0;5979;;;;;;;;;;;;;;
0;1;4;7;0;6944;;;;;;;;;;;;;;
0;1;5;7;0;4891;;;;;;;;;;;;;;
0;1;6;7;0;7124;;;;;;;;;;;;;;
0;1;7;7;0;4815;;;;;;;;;;;;;;
0;1;8;7;0;6893;;;;;;;;;;;;;;
0;0;1;1;0;10;;;;;;;;;;;;;;
0;0;2;1;0;11;;;;;;;;;;;;;;
0;0;3;1;0;2;;;;;;;;;;;;;;
0;0;4;1;0;18;;;;;;;;;;;;;;
0;0;5;1;0;12;;;;;;;;;;;;;;
0;0;6;1;0;9;;;;;;;;;;;;;;
0;0;7;1;0;8;;;;;;;;;;;;;;
0;0;8;1;0;21;;;;;;;;;;;;;;
0;0;1;2;0;23;;;;;;;;;;;;;;
0;0;2;2;0;19;;;;;;;;;;;;;;
0;0;3;2;0;8;;;;;;;;;;;;;;
0;0;4;2;0;28;;;;;;;;;;;;;;
0;0;5;2;0;86;;;;;;;;;;;;;;
0;0;6;2;0;166;;;;;;;;;;;;;;
0;0;7;2;0;12;;;;;;;;;;;;;;
0;0;8;2;0;22;;;;;;;;;;;;;;
0;0;1;3;0;91;;;;;;;;;;;;;;
0;0;2;3;0;91;;;;;;;;;;;;;;
0;0;3;3;0;109;;;;;;;;;;;;;;
0;0;4;3;0;126;;;;;;;;;;;;;;
0;0;5;3;0;47;;;;;;;;;;;;;;
0;0;6;3;0;78;;;;;;;;;;;;;;
0;0;7;3;0;106;;;;;;;;;;;;;;
0;0;8;3;0;98;;;;;;;;;;;;;;
0;0;1;4;0;236;;;;;;;;;;;;;;
0;0;2;4;0;327;;;;;;;;;;;;;;
0;0;3;4;0;371;;;;;;;;;;;;;;
0;0;4;4;0;327;;;;;;;;;;;;;;
0;0;5;4;0;194;;;;;;;;;;;;;;
0;0;6;4;0;243;;;;;;;;;;;;;;
0;0;7;4;0;319;;;;;;;;;;;;;;
0;0;8;4;0;282;;;;;;;;;;;;;;
0;0;1;5;0;561;;;;;;;;;;;;;;
0;0;2;5;0;661;;;;;;;;;;;;;;
0;0;3;5;0;770;;;;;;;;;;;;;;
0;0;4;5;0;726;;;;;;;;;;;;;;
0;0;5;5;0;373;;;;;;;;;;;;;;
0;0;6;5;0;453;;;;;;;;;;;;;;
0;0;7;5;0;632;;;;;;;;;;;;;;
0;0;8;5;0;629;;;;;;;;;;;;;;
0;0;1;6;0;882;;;;;;;;;;;;;;
0;0;2;6;0;974;;;;;;;;;;;;;;
0;0;3;6;0;1093;;;;;;;;;;;;;;
0;0;4;6;0;1085;;;;;;;;;;;;;;
0;0;5;6;0;645;;;;;;;;;;;;;;
0;0;6;6;0;829;;;;;;;;;;;;;;
0;0;7;6;0;935;;;;;;;;;;;;;;
0;0;8;6;0;917;;;;;;;;;;;;;;
0;0;1;7;0;1307;;;;;;;;;;;;;;
0;0;2;7;0;1325;;;;;;;;;;;;;;
0;0;3;7;0;1444;;;;;;;;;;;;;;
0;0;4;7;0;1537;;;;;;;;;;;;;;
0;0;5;7;0;865;;;;;;;;;;;;;;
0;0;6;7;0;1196;;;;;;;;;;;;;;
0;0;7;7;0;1140;;;;;;;;;;;;;;
0;0;8;7;0;1284;;;;;;;;;;;;;;
;1;1;1;5;3497;;;;;;;;;;;;;;
;1;2;1;5;3507;;;;;;;;;;;;;;
;1;3;1;5;2698;;;;;;;;;;;;;;
;1;4;1;5;4501;;;;;;;;;;;;;;
;1;5;1;5;2383;;;;;;;;;;;;;;
;1;6;1;5;3793;;;;;;;;;;;;;;
;1;7;1;5;1904;;;;;;;;;;;;;;
;1;8;1;5;3897;;;;;;;;;;;;;;
;1;1;2;5;3619;;;;;;;;;;;;;;
;1;2;2;5;3660;;;;;;;;;;;;;;
;1;3;2;5;2999;;;;;;;;;;;;;;
;1;4;2;5;4629;;;;;;;;;;;;;;
;1;5;2;5;2729;;;;;;;;;;;;;;
;1;6;2;5;3959;;;;;;;;;;;;;;
;1;7;2;5;2203;;;;;;;;;;;;;;
;1;8;2;5;4083;;;;;;;;;;;;;;
;1;1;3;5;4534;;;;;;;;;;;;;;
;1;2;3;5;4640;;;;;;;;;;;;;;
;1;3;3;5;3727;;;;;;;;;;;;;;
;1;4;3;5;5762;;;;;;;;;;;;;;
;1;5;3;5;3499;;;;;;;;;;;;;;
;1;6;3;5;4942;;;;;;;;;;;;;;
;1;7;3;5;2804;;;;;;;;;;;;;;
;1;8;3;5;4955;;;;;;;;;;;;;;
;1;1;4;5;4645;;;;;;;;;;;;;;
;1;2;4;5;4909;;;;;;;;;;;;;;
;1;3;4;5;3971;;;;;;;;;;;;;;
;1;4;4;5;5702;;;;;;;;;;;;;;
;1;5;4;5;4201;;;;;;;;;;;;;;
;1;6;4;5;5502;;;;;;;;;;;;;;
;1;7;4;5;3340;;;;;;;;;;;;;;
;1;8;4;5;5714;;;;;;;;;;;;;;
;1;1;5;5;5044;;;;;;;;;;;;;;
;1;2;5;5;5428;;;;;;;;;;;;;;
;1;3;5;5;4485;;;;;;;;;;;;;;
;1;4;5;5;6232;;;;;;;;;;;;;;
;1;5;5;5;4417;;;;;;;;;;;;;;
;1;6;5;5;5844;;;;;;;;;;;;;;
;1;7;5;5;3735;;;;;;;;;;;;;;
;1;8;5;5;5723;;;;;;;;;;;;;;
;1;1;6;5;5671;;;;;;;;;;;;;;
;1;2;6;5;6016;;;;;;;;;;;;;;
;1;3;6;5;5087;;;;;;;;;;;;;;
;1;4;6;5;6721;;;;;;;;;;;;;;
;1;5;6;5;4822;;;;;;;;;;;;;;
;1;6;6;5;6017;;;;;;;;;;;;;;
;1;7;6;5;4100;;;;;;;;;;;;;;
;1;8;6;5;6025;;;;;;;;;;;;;;
;1;1;7;5;6526;;;;;;;;;;;;;;
;1;2;7;5;6818;;;;;;;;;;;;;;
;1;3;7;5;5972;;;;;;;;;;;;;;
;1;4;7;5;7399;;;;;;;;;;;;;;
;1;5;7;5;5310;;;;;;;;;;;;;;
;1;6;7;5;6767;;;;;;;;;;;;;;
;1;7;7;5;4911;;;;;;;;;;;;;;
;1;8;7;5;6794;;;;;;;;;;;;;;
;0;1;1;5;15;;;;;;;;;;;;;;
;0;2;1;5;5;;;;;;;;;;;;;;
;0;3;1;5;5;;;;;;;;;;;;;;
;0;4;1;5;18;;;;;;;;;;;;;;
;0;5;1;5;6;;;;;;;;;;;;;;
;0;6;1;5;11;;;;;;;;;;;;;;
;0;7;1;5;212;;;;;;;;;;;;;;
;0;8;1;5;16;;;;;;;;;;;;;;
;0;1;2;5;118;;;;;;;;;;;;;;
;0;2;2;5;22;;;;;;;;;;;;;;
;0;3;2;5;31;;;;;;;;;;;;;;
;0;4;2;5;41;;;;;;;;;;;;;;
;0;5;2;5;9;;;;;;;;;;;;;;
;0;6;2;5;31;;;;;;;;;;;;;;
;0;7;2;5;138;;;;;;;;;;;;;;
;0;8;2;5;24;;;;;;;;;;;;;;
;0;1;3;5;45;;;;;;;;;;;;;;
;0;2;3;5;74;;;;;;;;;;;;;;
;0;3;3;5;74;;;;;;;;;;;;;;
;0;4;3;5;64;;;;;;;;;;;;;;
;0;5;3;5;20;;;;;;;;;;;;;;
;0;6;3;5;32;;;;;;;;;;;;;;
;0;7;3;5;148;;;;;;;;;;;;;;
;0;8;3;5;33;;;;;;;;;;;;;;
;0;1;4;5;117;;;;;;;;;;;;;;
;0;2;4;5;150;;;;;;;;;;;;;;
;0;3;4;5;161;;;;;;;;;;;;;;
;0;4;4;5;163;;;;;;;;;;;;;;
;0;5;4;5;77;;;;;;;;;;;;;;
;0;6;4;5;108;;;;;;;;;;;;;;
;0;7;4;5;219;;;;;;;;;;;;;;
;0;8;4;5;116;;;;;;;;;;;;;;
;0;1;5;5;218;;;;;;;;;;;;;;
;0;2;5;5;265;;;;;;;;;;;;;;
;0;3;5;5;283;;;;;;;;;;;;;;
;0;4;5;5;321;;;;;;;;;;;;;;
;0;5;5;5;161;;;;;;;;;;;;;;
;0;6;5;5;241;;;;;;;;;;;;;;
;0;7;5;5;339;;;;;;;;;;;;;;
;0;8;5;5;250;;;;;;;;;;;;;;
;0;1;6;5;376;;;;;;;;;;;;;;
;0;2;6;5;385;;;;;;;;;;;;;;
;0;3;6;5;470;;;;;;;;;;;;;;
;0;4;6;5;527;;;;;;;;;;;;;;
;0;5;6;5;307;;;;;;;;;;;;;;
;0;6;6;5;420;;;;;;;;;;;;;;
;0;7;6;5;413;;;;;;;;;;;;;;
;0;8;6;5;465;;;;;;;;;;;;;;
;0;1;7;5;551;;;;;;;;;;;;;;
;0;2;7;5;558;;;;;;;;;;;;;;
;0;3;7;5;612;;;;;;;;;;;;;;
;0;4;7;5;788;;;;;;;;;;;;;;
;0;5;7;5;449;;;;;;;;;;;;;;
;0;6;7;5;686;;;;;;;;;;;;;;
;0;7;7;5;619;;;;;;;;;;;;;;
;0;8;7;5;649;;;;;;;;;;;;;;
;1;1;1;0;3371;;;;;;;;;;;;;;
;1;2;1;0;4491;;;;;;;;;;;;;;
;1;3;1;0;2286;;;;;;;;;;;;;;
;1;4;1;0;4857;;;;;;;;;;;;;;
;1;5;1;0;2095;;;;;;;;;;;;;;
;1;6;1;0;3987;;;;;;;;;;;;;;
;1;7;1;0;2108;;;;;;;;;;;;;;
;1;8;1;0;4035;;;;;;;;;;;;;;
;1;1;2;0;3648;;;;;;;;;;;;;;
;1;2;2;0;4405;;;;;;;;;;;;;;
;1;3;2;0;2743;;;;;;;;;;;;;;
;1;4;2;0;5004;;;;;;;;;;;;;;
;1;5;2;0;2306;;;;;;;;;;;;;;
;1;6;2;0;4024;;;;;;;;;;;;;;
;1;7;2;0;2403;;;;;;;;;;;;;;
;1;8;2;0;4099;;;;;;;;;;;;;;
;1;1;3;0;4439;;;;;;;;;;;;;;
;1;2;3;0;5329;;;;;;;;;;;;;;
;1;3;3;0;3427;;;;;;;;;;;;;;
;1;4;3;0;5794;;;;;;;;;;;;;;
;1;5;3;0;3032;;;;;;;;;;;;;;
;1;6;3;0;5082;;;;;;;;;;;;;;
;1;7;3;0;3101;;;;;;;;;;;;;;
;1;8;3;0;5029;;;;;;;;;;;;;;
;1;1;4;0;5070;;;;;;;;;;;;;;
;1;2;4;0;5655;;;;;;;;;;;;;;
;1;3;4;0;4030;;;;;;;;;;;;;;
;1;4;4;0;6325;;;;;;;;;;;;;;
;1;5;4;0;3861;;;;;;;;;;;;;;
;1;6;4;0;5983;;;;;;;;;;;;;;
;1;7;4;0;3902;;;;;;;;;;;;;;
;1;8;4;0;6011;;;;;;;;;;;;;;
;1;1;5;0;5616;;;;;;;;;;;;;;
;1;2;5;0;6265;;;;;;;;;;;;;;
;1;3;5;0;4587;;;;;;;;;;;;;;
;1;4;5;0;6776;;;;;;;;;;;;;;
;1;5;5;0;4263;;;;;;;;;;;;;;
;1;6;5;0;6188;;;;;;;;;;;;;;
;1;7;5;0;4136;;;;;;;;;;;;;;
;1;8;5;0;5988;;;;;;;;;;;;;;
;1;1;6;0;6333;;;;;;;;;;;;;;
;1;2;6;0;6455;;;;;;;;;;;;;;
;1;3;6;0;5241;;;;;;;;;;;;;;
;1;4;6;0;7327;;;;;;;;;;;;;;
;1;5;6;0;4791;;;;;;;;;;;;;;
;1;6;6;0;6784;;;;;;;;;;;;;;
;1;7;6;0;4749;;;;;;;;;;;;;;
;1;8;6;0;6588;;;;;;;;;;;;;;
;1;1;7;0;6780;;;;;;;;;;;;;;
;1;2;7;0;6802;;;;;;;;;;;;;;
;1;3;7;0;5925;;;;;;;;;;;;;;
;1;4;7;0;7479;;;;;;;;;;;;;;
;1;5;7;0;5305;;;;;;;;;;;;;;
;1;6;7;0;7122;;;;;;;;;;;;;;
;1;7;7;0;5331;;;;;;;;;;;;;;
;1;8;7;0;6857;;;;;;;;;;;;;;
;0;1;1;0;14;;;;;;;;;;;;;;
;0;2;1;0;47;;;;;;;;;;;;;;
;0;3;1;0;16;;;;;;;;;;;;;;
;0;4;1;0;34;;;;;;;;;;;;;;
;0;5;1;0;4;;;;;;;;;;;;;;
;0;6;1;0;12;;;;;;;;;;;;;;
;0;7;1;0;546;;;;;;;;;;;;;;
;0;8;1;0;18;;;;;;;;;;;;;;
;0;1;2;0;15;;;;;;;;;;;;;;
;0;2;2;0;60;;;;;;;;;;;;;;
;0;3;2;0;18;;;;;;;;;;;;;;
;0;4;2;0;45;;;;;;;;;;;;;;
;0;5;2;0;96;;;;;;;;;;;;;;
;0;6;2;0;26;;;;;;;;;;;;;;
;0;7;2;0;16;;;;;;;;;;;;;;
;0;8;2;0;42;;;;;;;;;;;;;;
;0;1;3;0;45;;;;;;;;;;;;;;
;0;2;3;0;110;;;;;;;;;;;;;;
;0;3;3;0;37;;;;;;;;;;;;;;
;0;4;3;0;81;;;;;;;;;;;;;;
;0;5;3;0;32;;;;;;;;;;;;;;
;0;6;3;0;64;;;;;;;;;;;;;;
;0;7;3;0;44;;;;;;;;;;;;;;
;0;8;3;0;90;;;;;;;;;;;;;;
;0;1;4;0;110;;;;;;;;;;;;;;
;0;2;4;0;160;;;;;;;;;;;;;;
;0;3;4;0;109;;;;;;;;;;;;;;
;0;4;4;0;142;;;;;;;;;;;;;;
;0;5;4;0;70;;;;;;;;;;;;;;
;0;6;4;0;147;;;;;;;;;;;;;;
;0;7;4;0;103;;;;;;;;;;;;;;
;0;8;4;0;161;;;;;;;;;;;;;;
;0;1;5;0;197;;;;;;;;;;;;;;
;0;2;5;0;290;;;;;;;;;;;;;;
;0;3;5;0;199;;;;;;;;;;;;;;
;0;4;5;0;262;;;;;;;;;;;;;;
;0;5;5;0;140;;;;;;;;;;;;;;
;0;6;5;0;271;;;;;;;;;;;;;;
;0;7;5;0;175;;;;;;;;;;;;;;
;0;8;5;0;237;;;;;;;;;;;;;;
;0;1;6;0;340;;;;;;;;;;;;;;
;0;2;6;0;452;;;;;;;;;;;;;;
;0;3;6;0;340;;;;;;;;;;;;;;
;0;4;6;0;493;;;;;;;;;;;;;;
;0;5;6;0;232;;;;;;;;;;;;;;
;0;6;6;0;417;;;;;;;;;;;;;;
;0;7;6;0;332;;;;;;;;;;;;;;
;0;8;6;0;487;;;;;;;;;;;;;;
;0;1;7;0;562;;;;;;;;;;;;;;
;0;2;7;0;725;;;;;;;;;;;;;;
;0;3;7;0;459;;;;;;;;;;;;;;
;0;4;7;0;919;;;;;;;;;;;;;;
;0;5;7;0;333;;;;;;;;;;;;;;
;0;6;7;0;612;;;;;;;;;;;;;;
;0;7;7;0;441;;;;;;;;;;;;;;
;0;8;7;0;601;;;;;;;;;;;;;;
